<?xml version="1.0" encoding="UTF-8"?>
<palette name="Onion">
	<item>
		<name><![CDATA[yawn-onion-head-emoticon.gif]]></name>
		<imgfile>yawn-onion-head-emoticon.gif</imgfile>
	</item>
	<item>
		<name><![CDATA[lol1-onion-head-emoticon.gif]]></name>
		<imgfile>lol1-onion-head-emoticon.gif</imgfile>
	</item>
	<item>
		<name><![CDATA[wow2-onion-head-emoticon.gif]]></name>
		<imgfile>wow2-onion-head-emoticon.gif</imgfile>
	</item>
	<item>
		<name><![CDATA[wow1-onion-head-emoticon.gif]]></name>
		<imgfile>wow1-onion-head-emoticon.gif</imgfile>
	</item>
	<item>
		<name><![CDATA[work-onion-head-emoticon.gif]]></name>
		<imgfile>work-onion-head-emoticon.gif</imgfile>
	</item>
	<item>
		<name><![CDATA[woa-onion-head-emoticon.gif]]></name>
		<imgfile>woa-onion-head-emoticon.gif</imgfile>
	</item>
	<item>
		<name><![CDATA[whistling-onion-head-emoticon.gif]]></name>
		<imgfile>whistling-onion-head-emoticon.gif</imgfile>
	</item>
	<item>
		<name><![CDATA[whip-onion-head-emoticon.gif]]></name>
		<imgfile>whip-onion-head-emoticon.gif</imgfile>
	</item>
	<item>
		<name><![CDATA[what-onion-head-emoticon.gif]]></name>
		<imgfile>what-onion-head-emoticon.gif</imgfile>
	</item>
	<item>
		<name><![CDATA[whaaat3-onion-head-emoticon.gif]]></name>
		<imgfile>whaaat3-onion-head-emoticon.gif</imgfile>
	</item>
	<item>
		<name><![CDATA[whaaat2-onion-head-emoticon.gif]]></name>
		<imgfile>whaaat2-onion-head-emoticon.gif</imgfile>
	</item>
	<item>
		<name><![CDATA[whaaat1-onion-head-emoticon.gif]]></name>
		<imgfile>whaaat1-onion-head-emoticon.gif</imgfile>
	</item>
	<item>
		<name><![CDATA[wew-onion-head-emoticon.gif]]></name>
		<imgfile>wew-onion-head-emoticon.gif</imgfile>
	</item>
	<item>
		<name><![CDATA[wet-onion-head-emoticon.gif]]></name>
		<imgfile>wet-onion-head-emoticon.gif</imgfile>
	</item>
	<item>
		<name><![CDATA[washing-onion-head-emoticon.gif]]></name>
		<imgfile>washing-onion-head-emoticon.gif</imgfile>
	</item>
	<item>
		<name><![CDATA[warning-onion-head-emoticon.gif]]></name>
		<imgfile>warning-onion-head-emoticon.gif</imgfile>
	</item>
	<item>
		<name><![CDATA[waiting-onion-head-emoticon.gif]]></name>
		<imgfile>waiting-onion-head-emoticon.gif</imgfile>
	</item>
	<item>
		<name><![CDATA[wait-onion-head-emoticon.gif]]></name>
		<imgfile>wait-onion-head-emoticon.gif</imgfile>
	</item>
	<item>
		<name><![CDATA[vomiting-onion-head-emoticon.gif]]></name>
		<imgfile>vomiting-onion-head-emoticon.gif</imgfile>
	</item>
	<item>
		<name><![CDATA[victory-onion-head-emoticon.gif]]></name>
		<imgfile>victory-onion-head-emoticon.gif</imgfile>
	</item>
	<item>
		<name><![CDATA[uhuhuh-onion-head-emoticon.gif]]></name>
		<imgfile>uhuhuh-onion-head-emoticon.gif</imgfile>
	</item>
	<item>
		<name><![CDATA[tar-onion-head-emoticon.gif]]></name>
		<imgfile>tar-onion-head-emoticon.gif</imgfile>
	</item>
	<item>
		<name><![CDATA[sweetdrop-onion-head-emoticon.gif]]></name>
		<imgfile>sweetdrop-onion-head-emoticon.gif</imgfile>
	</item>
	<item>
		<name><![CDATA[sweating-onion-head-emoticon.gif]]></name>
		<imgfile>sweating-onion-head-emoticon.gif</imgfile>
	</item>
	<item>
		<name><![CDATA[super-sayan-onion-head-emoticon.gif]]></name>
		<imgfile>super-sayan-onion-head-emoticon.gif</imgfile>
	</item>
	<item>
		<name><![CDATA[super-onion-head-emoticon.gif]]></name>
		<imgfile>super-onion-head-emoticon.gif</imgfile>
	</item>
	<item>
		<name><![CDATA[studying-onion-head-emoticon.gif]]></name>
		<imgfile>studying-onion-head-emoticon.gif</imgfile>
	</item>
	<item>
		<name><![CDATA[stress-onion-head-emoticon.gif]]></name>
		<imgfile>stress-onion-head-emoticon.gif</imgfile>
	</item>
	<item>
		<name><![CDATA[stoned-onion-head-emoticon.gif]]></name>
		<imgfile>stoned-onion-head-emoticon.gif</imgfile>
	</item>
	<item>
		<name><![CDATA[steal-onion-head-emoticon.gif]]></name>
		<imgfile>steal-onion-head-emoticon.gif</imgfile>
	</item>
	<item>
		<name><![CDATA[starving-onion-head-emoticon.gif]]></name>
		<imgfile>starving-onion-head-emoticon.gif</imgfile>
	</item>
	<item>
		<name><![CDATA[spa-onion-head-emoticon.gif]]></name>
		<imgfile>spa-onion-head-emoticon.gif</imgfile>
	</item>
	<item>
		<name><![CDATA[smoking2-onion-head-emoticon.gif]]></name>
		<imgfile>smoking2-onion-head-emoticon.gif</imgfile>
	</item>
	<item>
		<name><![CDATA[smoking1-onion-head-emoticon.gif]]></name>
		<imgfile>smoking1-onion-head-emoticon.gif</imgfile>
	</item>
	<item>
		<name><![CDATA[sleeping-onion-head-emoticon.gif]]></name>
		<imgfile>sleeping-onion-head-emoticon.gif</imgfile>
	</item>
	<item>
		<name><![CDATA[silence-onion-head-emoticon.gif]]></name>
		<imgfile>silence-onion-head-emoticon.gif</imgfile>
	</item>
	<item>
		<name><![CDATA[sigh-onion-head-emoticon.gif]]></name>
		<imgfile>sigh-onion-head-emoticon.gif</imgfile>
	</item>
	<item>
		<name><![CDATA[shy-onion-head-emoticon.gif]]></name>
		<imgfile>shy-onion-head-emoticon.gif</imgfile>
	</item>
	<item>
		<name><![CDATA[shock2-onion-head-emoticon.gif]]></name>
		<imgfile>shock2-onion-head-emoticon.gif</imgfile>
	</item>
	<item>
		<name><![CDATA[shock1-onion-head-emoticon.gif]]></name>
		<imgfile>shock1-onion-head-emoticon.gif</imgfile>
	</item>
	<item>
		<name><![CDATA[serenade-onion-head-emoticon.gif]]></name>
		<imgfile>serenade-onion-head-emoticon.gif</imgfile>
	</item>
	<item>
		<name><![CDATA[scary-onion-head-emoticon.gif]]></name>
		<imgfile>scary-onion-head-emoticon.gif</imgfile>
	</item>
	<item>
		<name><![CDATA[scared-onion-head-emoticon.gif]]></name>
		<imgfile>scared-onion-head-emoticon.gif</imgfile>
	</item>
	<item>
		<name><![CDATA[running-onion-head-emoticon.gif]]></name>
		<imgfile>running-onion-head-emoticon.gif</imgfile>
	</item>
	<item>
		<name><![CDATA[robot-onion-head-emoticon.gif]]></name>
		<imgfile>robot-onion-head-emoticon.gif</imgfile>
	</item>
	<item>
		<name><![CDATA[relax2-onion-head-emoticon.gif]]></name>
		<imgfile>relax2-onion-head-emoticon.gif</imgfile>
	</item>
	<item>
		<name><![CDATA[relax1-onion-head-emoticon.gif]]></name>
		<imgfile>relax1-onion-head-emoticon.gif</imgfile>
	</item>
	<item>
		<name><![CDATA[push-up-onion-head-emoticon.gif]]></name>
		<imgfile>push-up-onion-head-emoticon.gif</imgfile>
	</item>
	<item>
		<name><![CDATA[punch-onion-head-emoticon.gif]]></name>
		<imgfile>punch-onion-head-emoticon.gif</imgfile>
	</item>
	<item>
		<name><![CDATA[pretty-onion-head-emoticon.gif]]></name>
		<imgfile>pretty-onion-head-emoticon.gif</imgfile>
	</item>
	<item>
		<name><![CDATA[pointing-onion-head-emoticon.gif]]></name>
		<imgfile>pointing-onion-head-emoticon.gif</imgfile>
	</item>
	<item>
		<name><![CDATA[pff2-onion-head-emoticon.gif]]></name>
		<imgfile>pff2-onion-head-emoticon.gif</imgfile>
	</item>
	<item>
		<name><![CDATA[pff1-onion-head-emoticon.gif]]></name>
		<imgfile>pff1-onion-head-emoticon.gif</imgfile>
	</item>
	<item>
		<name><![CDATA[payup-onion-head-emoticon.gif]]></name>
		<imgfile>payup-onion-head-emoticon.gif</imgfile>
	</item>
	<item>
		<name><![CDATA[oh-onion-head-emoticon.gif]]></name>
		<imgfile>oh-onion-head-emoticon.gif</imgfile>
	</item>
	<item>
		<name><![CDATA[objection-onion-head-emoticon.gif]]></name>
		<imgfile>objection-onion-head-emoticon.gif</imgfile>
	</item>
	<item>
		<name><![CDATA[not-listening-onion-head-emoticon.gif]]></name>
		<imgfile>not-listening-onion-head-emoticon.gif</imgfile>
	</item>
	<item>
		<name><![CDATA[noooo-onion-head-emoticon.gif]]></name>
		<imgfile>noooo-onion-head-emoticon.gif</imgfile>
	</item>
	<item>
		<name><![CDATA[nonono-onion-head-emoticon.gif]]></name>
		<imgfile>nonono-onion-head-emoticon.gif</imgfile>
	</item>
	<item>
		<name><![CDATA[meh-onion-head-emoticon.gif]]></name>
		<imgfile>meh-onion-head-emoticon.gif</imgfile>
	</item>
	<item>
		<name><![CDATA[love-onion-head-emoticon.gif]]></name>
		<imgfile>love-onion-head-emoticon.gif</imgfile>
	</item>
	<item>
		<name><![CDATA[lonely-onion-head-emoticon.gif]]></name>
		<imgfile>lonely-onion-head-emoticon.gif</imgfile>
	</item>
	<item>
		<name><![CDATA[lol2-onion-head-emoticon.gif]]></name>
		<imgfile>lol2-onion-head-emoticon.gif</imgfile>
	</item>
	<item>
		<name><![CDATA[lie-onion-head-emoticon.gif]]></name>
		<imgfile>lie-onion-head-emoticon.gif</imgfile>
	</item>
	<item>
		<name><![CDATA[kicked2-onion-head-emoticon.gif]]></name>
		<imgfile>kicked2-onion-head-emoticon.gif</imgfile>
	</item>
	<item>
		<name><![CDATA[kicked1-onion-head-emoticon.gif]]></name>
		<imgfile>kicked1-onion-head-emoticon.gif</imgfile>
	</item>
	<item>
		<name><![CDATA[kick-onion-head-emoticon.gif]]></name>
		<imgfile>kick-onion-head-emoticon.gif</imgfile>
	</item>
	<item>
		<name><![CDATA[innocent-onion-head-emoticon.gif]]></name>
		<imgfile>innocent-onion-head-emoticon.gif</imgfile>
	</item>
	<item>
		<name><![CDATA[info-onion-head-emoticon.gif]]></name>
		<imgfile>info-onion-head-emoticon.gif</imgfile>
	</item>
	<item>
		<name><![CDATA[ill-onion-head-emoticon.gif]]></name>
		<imgfile>ill-onion-head-emoticon.gif</imgfile>
	</item>
	<item>
		<name><![CDATA[hypnosis-onion-head-emoticon.gif]]></name>
		<imgfile>hypnosis-onion-head-emoticon.gif</imgfile>
	</item>
	<item>
		<name><![CDATA[hot2-onion-head-emoticon.gif]]></name>
		<imgfile>hot2-onion-head-emoticon.gif</imgfile>
	</item>
	<item>
		<name><![CDATA[hot1-onion-head-emoticon.gif]]></name>
		<imgfile>hot1-onion-head-emoticon.gif</imgfile>
	</item>
	<item>
		<name><![CDATA[hi-onion-head-emoticon.gif]]></name>
		<imgfile>hi-onion-head-emoticon.gif</imgfile>
	</item>
	<item>
		<name><![CDATA[help-onion-head-emoticon.gif]]></name>
		<imgfile>help-onion-head-emoticon.gif</imgfile>
	</item>
	<item>
		<name><![CDATA[hell-yes-onion-head-emoticon.gif]]></name>
		<imgfile>hell-yes-onion-head-emoticon.gif</imgfile>
	</item>
	<item>
		<name><![CDATA[hehe-onion-head-emoticon.gif]]></name>
		<imgfile>hehe-onion-head-emoticon.gif</imgfile>
	</item>
	<item>
		<name><![CDATA[hate-onion-head-emoticon.gif]]></name>
		<imgfile>hate-onion-head-emoticon.gif</imgfile>
	</item>
	<item>
		<name><![CDATA[happy-onion-head-emoticon.gif]]></name>
		<imgfile>happy-onion-head-emoticon.gif</imgfile>
	</item>
	<item>
		<name><![CDATA[happy-birth-day1-onion-head-emoticon.gif]]></name>
		<imgfile>happy-birth-day1-onion-head-emoticon.gif</imgfile>
	</item>
	<item>
		<name><![CDATA[good-job-onion-head-emoticon.gif]]></name>
		<imgfile>good-job-onion-head-emoticon.gif</imgfile>
	</item>
	<item>
		<name><![CDATA[ghost-onion-head-emoticon.gif]]></name>
		<imgfile>ghost-onion-head-emoticon.gif</imgfile>
	</item>
	<item>
		<name><![CDATA[full-onion-head-emoticon.gif]]></name>
		<imgfile>full-onion-head-emoticon.gif</imgfile>
	</item>
	<item>
		<name><![CDATA[frozen-onion-head-emoticon.gif]]></name>
		<imgfile>frozen-onion-head-emoticon.gif</imgfile>
	</item>
	<item>
		<name><![CDATA[freezing-onion-head-emoticon.gif]]></name>
		<imgfile>freezing-onion-head-emoticon.gif</imgfile>
	</item>
	<item>
		<name><![CDATA[falling-asleep-onion-head-emoticon.gif]]></name>
		<imgfile>falling-asleep-onion-head-emoticon.gif</imgfile>
	</item>
	<item>
		<name><![CDATA[expulsion-onion-head-emoticon.gif]]></name>
		<imgfile>expulsion-onion-head-emoticon.gif</imgfile>
	</item>
	<item>
		<name><![CDATA[evil-smile-onion-head-emoticon.gif]]></name>
		<imgfile>evil-smile-onion-head-emoticon.gif</imgfile>
	</item>
	<item>
		<name><![CDATA[embarrassed4-onion-head-emoticon.gif]]></name>
		<imgfile>embarrassed4-onion-head-emoticon.gif</imgfile>
	</item>
	<item>
		<name><![CDATA[embarrassed3-onion-head-emoticon.gif]]></name>
		<imgfile>embarrassed3-onion-head-emoticon.gif</imgfile>
	</item>
	<item>
		<name><![CDATA[embarrassed2-onion-head-emoticon.gif]]></name>
		<imgfile>embarrassed2-onion-head-emoticon.gif</imgfile>
	</item>
	<item>
		<name><![CDATA[embarrassed1-onion-head-emoticon.gif]]></name>
		<imgfile>embarrassed1-onion-head-emoticon.gif</imgfile>
	</item>
	<item>
		<name><![CDATA[eating-me-onion-head-emoticon.gif]]></name>
		<imgfile>eating-me-onion-head-emoticon.gif</imgfile>
	</item>
	<item>
		<name><![CDATA[eaten-alive-onion-head-emoticon.gif]]></name>
		<imgfile>eaten-alive-onion-head-emoticon.gif</imgfile>
	</item>
	<item>
		<name><![CDATA[dying-onion-head-emoticon.gif]]></name>
		<imgfile>dying-onion-head-emoticon.gif</imgfile>
	</item>
	<item>
		<name><![CDATA[dreaming-onion-head-emoticon.gif]]></name>
		<imgfile>dreaming-onion-head-emoticon.gif</imgfile>
	</item>
	<item>
		<name><![CDATA[dong-onion-head-emoticon.gif]]></name>
		<imgfile>dong-onion-head-emoticon.gif</imgfile>
	</item>
	<item>
		<name><![CDATA[desperate2-onion-head-emoticon.gif]]></name>
		<imgfile>desperate2-onion-head-emoticon.gif</imgfile>
	</item>
	<item>
		<name><![CDATA[desperate1-onion-head-emoticon.gif]]></name>
		<imgfile>desperate1-onion-head-emoticon.gif</imgfile>
	</item>
	<item>
		<name><![CDATA[depressed2-onion-head-emoticon.gif]]></name>
		<imgfile>depressed2-onion-head-emoticon.gif</imgfile>
	</item>
	<item>
		<name><![CDATA[depressed1-onion-head-emoticon.gif]]></name>
		<imgfile>depressed1-onion-head-emoticon.gif</imgfile>
	</item>
	<item>
		<name><![CDATA[dead-onion-head-emoticon.gif]]></name>
		<imgfile>dead-onion-head-emoticon.gif</imgfile>
	</item>
	<item>
		<name><![CDATA[cute2-onion-head-emoticon.gif]]></name>
		<imgfile>cute2-onion-head-emoticon.gif</imgfile>
	</item>
	<item>
		<name><![CDATA[cute1-onion-head-emoticon.gif]]></name>
		<imgfile>cute1-onion-head-emoticon.gif</imgfile>
	</item>
	<item>
		<name><![CDATA[crying3-onion-head-emoticon.gif]]></name>
		<imgfile>crying3-onion-head-emoticon.gif</imgfile>
	</item>
	<item>
		<name><![CDATA[crying2-onion-head-emoticon.gif]]></name>
		<imgfile>crying2-onion-head-emoticon.gif</imgfile>
	</item>
	<item>
		<name><![CDATA[crying1-onion-head-emoticon.gif]]></name>
		<imgfile>crying1-onion-head-emoticon.gif</imgfile>
	</item>
	<item>
		<name><![CDATA[cruch-onion-head-emoticon.gif]]></name>
		<imgfile>cruch-onion-head-emoticon.gif</imgfile>
	</item>
	<item>
		<name><![CDATA[cool-onion-head-emoticon.gif]]></name>
		<imgfile>cool-onion-head-emoticon.gif</imgfile>
	</item>
	<item>
		<name><![CDATA[congrats-onion-head-emoticon.gif]]></name>
		<imgfile>congrats-onion-head-emoticon.gif</imgfile>
	</item>
	<item>
		<name><![CDATA[confused-onion-head-emoticon.gif]]></name>
		<imgfile>confused-onion-head-emoticon.gif</imgfile>
	</item>
	<item>
		<name><![CDATA[cheer3-onion-head-emoticon.gif]]></name>
		<imgfile>cheer3-onion-head-emoticon.gif</imgfile>
	</item>
	<item>
		<name><![CDATA[cheer2-onion-head-emoticon.gif]]></name>
		<imgfile>cheer2-onion-head-emoticon.gif</imgfile>
	</item>
	<item>
		<name><![CDATA[cheer1-onion-head-emoticon.gif]]></name>
		<imgfile>cheer1-onion-head-emoticon.gif</imgfile>
	</item>
	<item>
		<name><![CDATA[bye2-onion-head-emoticon.gif]]></name>
		<imgfile>bye2-onion-head-emoticon.gif</imgfile>
	</item>
	<item>
		<name><![CDATA[bye1-onion-head-emoticon.gif]]></name>
		<imgfile>bye1-onion-head-emoticon.gif</imgfile>
	</item>
	<item>
		<name><![CDATA[bsod-onion-head-emoticon.gif]]></name>
		<imgfile>bsod-onion-head-emoticon.gif</imgfile>
	</item>
	<item>
		<name><![CDATA[blocked-onion-head-emoticon.gif]]></name>
		<imgfile>blocked-onion-head-emoticon.gif</imgfile>
	</item>
	<item>
		<name><![CDATA[bleeding-onion-head-emoticon.gif]]></name>
		<imgfile>bleeding-onion-head-emoticon.gif</imgfile>
	</item>
	<item>
		<name><![CDATA[bled2-onion-head-emoticon.gif]]></name>
		<imgfile>bled2-onion-head-emoticon.gif</imgfile>
	</item>
	<item>
		<name><![CDATA[bled1-onion-head-emoticon.gif]]></name>
		<imgfile>bled1-onion-head-emoticon.gif</imgfile>
	</item>
	<item>
		<name><![CDATA[bird-onion-head-emoticon.gif]]></name>
		<imgfile>bird-onion-head-emoticon.gif</imgfile>
	</item>
	<item>
		<name><![CDATA[bike-onion-head-emoticon.gif]]></name>
		<imgfile>bike-onion-head-emoticon.gif</imgfile>
	</item>
	<item>
		<name><![CDATA[big-eye-onion-head-emoticon.gif]]></name>
		<imgfile>big-eye-onion-head-emoticon.gif</imgfile>
	</item>
	<item>
		<name><![CDATA[beg-onion-head-emoticon.gif]]></name>
		<imgfile>beg-onion-head-emoticon.gif</imgfile>
	</item>
	<item>
		<name><![CDATA[beaten-onion-head-emoticon.gif]]></name>
		<imgfile>beaten-onion-head-emoticon.gif</imgfile>
	</item>
	<item>
		<name><![CDATA[bad-atmosphere-onion-head-emoticon.gif]]></name>
		<imgfile>bad-atmosphere-onion-head-emoticon.gif</imgfile>
	</item>
	<item>
		<name><![CDATA[angel2-onion-head-emoticon.gif]]></name>
		<imgfile>angel2-onion-head-emoticon.gif</imgfile>
	</item>
	<item>
		<name><![CDATA[angel1-onion-head-emoticon.gif]]></name>
		<imgfile>angel1-onion-head-emoticon.gif</imgfile>
	</item>
	<item>
		<name><![CDATA[ahaaah-onion-head-emoticon.gif]]></name>
		<imgfile>ahaaah-onion-head-emoticon.gif</imgfile>
	</item>
	<item>
		<name><![CDATA[admire2-onion-head-emoticon.gif]]></name>
		<imgfile>admire2-onion-head-emoticon.gif</imgfile>
	</item>
	<item>
		<name><![CDATA[admire-onion-head-emoticon.gif]]></name>
		<imgfile>admire-onion-head-emoticon.gif</imgfile>
	</item>
</palette>
